{"cameraMode":{"drawMode":0,"name":"Shaded","section":"Shading Mode"},"sceneLighting":true,"audioPlay":false,"sceneViewState":{"showFog":true,"showMaterialUpdate":false,"showSkybox":true,"showFlares":true,"showImageEffects":true,"showParticleSystems":true},"in2DMode":false,"pivot":{"x":3.128373622894287,"y":1.2308776378631592,"z":-20.015119552612306},"rotation":{"x":-0.20810557901859284,"y":0.6634775400161743,"z":-0.20001913607120515,"w":-0.6902852058410645},"size":2.6742401123046877,"orthographic":false}