{"cameraMode":{"drawMode":0,"name":"Shaded","section":"Shading Mode"},"sceneLighting":true,"audioPlay":false,"sceneViewState":{"showFog":true,"showMaterialUpdate":false,"showSkybox":true,"showFlares":true,"showImageEffects":true,"showParticleSystems":true},"in2DMode":false,"pivot":{"x":-154.58177185058595,"y":19.704017639160158,"z":-34.415836334228519},"rotation":{"x":-0.06325104832649231,"y":0.7407029867172241,"z":-0.07043653726577759,"w":-0.6651387214660645},"size":204.31251525878907,"orthographic":false}