{"cameraMode":{"drawMode":0,"name":"Shaded","section":"Shading Mode"},"sceneLighting":true,"audioPlay":false,"sceneViewState":{"showFog":true,"showMaterialUpdate":false,"showSkybox":true,"showFlares":true,"showImageEffects":true,"showParticleSystems":true},"in2DMode":false,"pivot":{"x":-51.43653869628906,"y":-2.1865234375,"z":110.28874206542969},"rotation":{"x":-0.1563573181629181,"y":0.7224745750427246,"z":-0.17359617352485658,"w":-0.6507295370101929},"size":101.95115661621094,"orthographic":false}