{"cameraMode":{"drawMode":0,"name":"Shaded","section":"Shading Mode"},"sceneLighting":true,"audioPlay":false,"sceneViewState":{"showFog":true,"showMaterialUpdate":false,"showSkybox":true,"showFlares":true,"showImageEffects":true,"showParticleSystems":true},"in2DMode":false,"pivot":{"x":-25.4063720703125,"y":-0.4747772216796875,"z":3.7838382720947267},"rotation":{"x":-0.15756268799304963,"y":0.7372035980224609,"z":-0.18416853249073029,"w":-0.6307041049003601},"size":97.54624938964844,"orthographic":false}