{"cameraMode":{"drawMode":0,"name":"Shaded","section":"Shading Mode"},"sceneLighting":true,"audioPlay":false,"sceneViewState":{"showFog":true,"showMaterialUpdate":false,"showSkybox":true,"showFlares":true,"showImageEffects":true,"showParticleSystems":true},"in2DMode":false,"pivot":{"x":15.6220703125,"y":4.761962890625,"z":22.2939453125},"rotation":{"x":0.04321586713194847,"y":-0.8363259434700012,"z":0.06662837415933609,"w":0.5424502491950989},"size":5.81069803237915,"orthographic":true}