{"cameraMode":{"drawMode":0,"name":"Shaded","section":"Shading Mode"},"sceneLighting":true,"audioPlay":false,"sceneViewState":{"showFog":true,"showMaterialUpdate":false,"showSkybox":true,"showFlares":true,"showImageEffects":true,"showParticleSystems":true},"in2DMode":false,"pivot":{"x":-1.9715309143066407,"y":4.165185928344727,"z":-19.58932113647461},"rotation":{"x":-0.06080010533332825,"y":0.6894279718399048,"z":-0.05826360359787941,"w":-0.7194427251815796},"size":8.270456314086914,"orthographic":false}