{"cameraMode":{"drawMode":0,"name":"Shaded","section":"Shading Mode"},"sceneLighting":true,"audioPlay":false,"sceneViewState":{"showFog":true,"showMaterialUpdate":false,"showSkybox":true,"showFlares":true,"showImageEffects":true,"showParticleSystems":true},"in2DMode":false,"pivot":{"x":-6.79489803314209,"y":0.1247696578502655,"z":-26.527952194213868},"rotation":{"x":-0.068105548620224,"y":0.9273483753204346,"z":-0.2081616073846817,"w":-0.3034064769744873},"size":2.035430431365967,"orthographic":false}