{"cameraMode":{"drawMode":0,"name":"Shaded","section":"Shading Mode"},"sceneLighting":true,"audioPlay":false,"sceneViewState":{"showFog":true,"showMaterialUpdate":false,"showSkybox":true,"showFlares":true,"showImageEffects":true,"showParticleSystems":true},"in2DMode":false,"pivot":{"x":3.6332530975341799,"y":1.9498567581176758,"z":-20.024524688720704},"rotation":{"x":-0.03664510324597359,"y":0.6211647987365723,"z":-0.029097655788064004,"w":-0.7822821140289307},"size":0.6650718450546265,"orthographic":false}