{"cameraMode":{"drawMode":0,"name":"Shaded","section":"Shading Mode"},"sceneLighting":true,"audioPlay":false,"sceneViewState":{"showFog":true,"showMaterialUpdate":false,"showSkybox":true,"showFlares":true,"showImageEffects":true,"showParticleSystems":true},"in2DMode":false,"pivot":{"x":6.632415771484375,"y":87.1340560913086,"z":31.785968780517579},"rotation":{"x":0.08349886536598206,"y":-0.7114356160163879,"z":0.08578430861234665,"w":0.6924817562103272},"size":107.37067413330078,"orthographic":false}