{"cameraMode":{"drawMode":0,"name":"Shaded","section":"Shading Mode"},"sceneLighting":true,"audioPlay":false,"sceneViewState":{"showFog":true,"showMaterialUpdate":false,"showSkybox":true,"showFlares":true,"showImageEffects":true,"showParticleSystems":true},"in2DMode":false,"pivot":{"x":-2.8007142543792726,"y":5.530610084533691,"z":-15.252686500549317},"rotation":{"x":-0.1006462350487709,"y":0.7068576812744141,"z":-0.10272037237882614,"w":-0.6925836801528931},"size":0.5388821363449097,"orthographic":false}