{"cameraMode":{"drawMode":0,"name":"Shaded","section":"Shading Mode"},"sceneLighting":true,"audioPlay":false,"sceneViewState":{"showFog":true,"showMaterialUpdate":false,"showSkybox":true,"showFlares":true,"showImageEffects":true,"showParticleSystems":true},"in2DMode":false,"pivot":{"x":-2.521484375,"y":12.188232421875,"z":-25.74609375},"rotation":{"x":0.00024293838941957802,"y":0.9991622567176819,"z":-0.005994968581944704,"w":0.040488239377737048},"size":18.82903289794922,"orthographic":true}