{"cameraMode":{"drawMode":0,"name":"Shaded","section":"Shading Mode"},"sceneLighting":true,"audioPlay":false,"sceneViewState":{"showFog":true,"showMaterialUpdate":false,"showSkybox":true,"showFlares":true,"showImageEffects":true,"showParticleSystems":true},"in2DMode":false,"pivot":{"x":-63.2636833190918,"y":-37.40473937988281,"z":-27.277000427246095},"rotation":{"x":-0.14169855415821076,"y":0.8430482745170593,"z":-0.26941004395484927,"w":-0.4434095621109009},"size":67.06470489501953,"orthographic":false}