{"cameraMode":{"drawMode":0,"name":"Shaded","section":"Shading Mode"},"sceneLighting":true,"audioPlay":false,"sceneViewState":{"showFog":true,"showMaterialUpdate":false,"showSkybox":true,"showFlares":true,"showImageEffects":true,"showParticleSystems":true},"in2DMode":false,"pivot":{"x":-22.21111297607422,"y":21.38338851928711,"z":-7.824057579040527},"rotation":{"x":0.12253191322088242,"y":-0.7014475464820862,"z":0.12438406050205231,"w":0.6910057067871094},"size":46.81031036376953,"orthographic":false}