{"cameraMode":{"drawMode":0,"name":"Shaded","section":"Shading Mode"},"sceneLighting":true,"audioPlay":false,"sceneViewState":{"showFog":true,"showMaterialUpdate":false,"showSkybox":true,"showFlares":true,"showImageEffects":true,"showParticleSystems":true},"in2DMode":false,"pivot":{"x":-10.737195014953614,"y":-5.76931095123291,"z":-18.07307243347168},"rotation":{"x":0.1961706429719925,"y":-0.6613942384719849,"z":0.18540601432323457,"w":0.6998018622398377},"size":25.839622497558595,"orthographic":false}