{"cameraMode":{"drawMode":0,"name":"Shaded","section":"Shading Mode"},"sceneLighting":true,"audioPlay":false,"sceneViewState":{"showFog":true,"showMaterialUpdate":false,"showSkybox":true,"showFlares":true,"showImageEffects":true,"showParticleSystems":true},"in2DMode":false,"pivot":{"x":5.372380256652832,"y":5.098367691040039,"z":-16.888185501098634},"rotation":{"x":-0.07632887363433838,"y":0.6837324500083923,"z":-0.07227090001106262,"w":-0.722122848033905},"size":7.218229293823242,"orthographic":false}