{"cameraMode":{"drawMode":0,"name":"Shaded","section":"Shading Mode"},"sceneLighting":true,"audioPlay":false,"sceneViewState":{"showFog":true,"showMaterialUpdate":false,"showSkybox":true,"showFlares":true,"showImageEffects":true,"showParticleSystems":true},"in2DMode":false,"pivot":{"x":-18.633834838867189,"y":-5.8646087646484379,"z":-4.660331726074219},"rotation":{"x":-0.13859063386917115,"y":0.8071631193161011,"z":-0.20938131213188172,"w":-0.5342656970024109},"size":166.96923828125,"orthographic":false}