{"cameraMode":{"drawMode":0,"name":"Shaded","section":"Shading Mode"},"sceneLighting":true,"audioPlay":false,"sceneViewState":{"showFog":true,"showMaterialUpdate":false,"showSkybox":true,"showFlares":true,"showImageEffects":true,"showParticleSystems":true},"in2DMode":false,"pivot":{"x":-2.453768730163574,"y":1.3355250358581544,"z":-43.7627067565918},"rotation":{"x":-0.035680465400218967,"y":0.9505923390388489,"z":-0.11926287412643433,"w":-0.28439316153526308},"size":9.189183235168457,"orthographic":false}