{"cameraMode":{"drawMode":0,"name":"Shaded","section":"Shading Mode"},"sceneLighting":false,"audioPlay":false,"sceneViewState":{"showFog":true,"showMaterialUpdate":false,"showSkybox":false,"showFlares":true,"showImageEffects":true,"showParticleSystems":true},"in2DMode":false,"pivot":{"x":-0.000004814037311007269,"y":0.6830490827560425,"z":-0.0076441094279289249},"rotation":{"x":-0.11231949925422669,"y":0.690737247467041,"z":-0.109918974339962,"w":-0.7058225274085999},"size":0.90739506483078,"orthographic":false}