{"cameraMode":{"drawMode":0,"name":"Shaded","section":"Shading Mode"},"sceneLighting":true,"audioPlay":false,"sceneViewState":{"showFog":true,"showMaterialUpdate":false,"showSkybox":true,"showFlares":true,"showImageEffects":true,"showParticleSystems":true},"in2DMode":false,"pivot":{"x":5.18289852142334,"y":5.747527122497559,"z":-18.509628295898439},"rotation":{"x":-0.12884120643138886,"y":0.7060350179672241,"z":-0.1330844908952713,"w":-0.683523416519165},"size":0.9856969714164734,"orthographic":false}