{"cameraMode":{"drawMode":0,"name":"Shaded","section":"Shading Mode"},"sceneLighting":true,"audioPlay":false,"sceneViewState":{"showFog":true,"showMaterialUpdate":false,"showSkybox":true,"showFlares":true,"showImageEffects":true,"showParticleSystems":true},"in2DMode":false,"pivot":{"x":-4.6152143478393559,"y":0.884170413017273,"z":-27.320613861083986},"rotation":{"x":-0.11663373559713364,"y":0.7429257035255432,"z":-0.1342764049768448,"w":-0.6453123092651367},"size":1.0240769386291505,"orthographic":false}