{"cameraMode":{"drawMode":0,"name":"Shaded","section":"Shading Mode"},"sceneLighting":true,"audioPlay":false,"sceneViewState":{"showFog":true,"showMaterialUpdate":false,"showSkybox":true,"showFlares":true,"showImageEffects":true,"showParticleSystems":true},"in2DMode":false,"pivot":{"x":-9.425493240356446,"y":1.487630844116211,"z":-15.30624008178711},"rotation":{"x":-0.04188843071460724,"y":0.9288827180862427,"z":-0.11088277399539948,"w":-0.3509068191051483},"size":10.63720989227295,"orthographic":false}