{"cameraMode":{"drawMode":0,"name":"Shaded","section":"Shading Mode"},"sceneLighting":true,"audioPlay":false,"sceneViewState":{"showFog":true,"showMaterialUpdate":false,"showSkybox":true,"showFlares":true,"showImageEffects":true,"showParticleSystems":true},"in2DMode":false,"pivot":{"x":5.260199069976807,"y":2.390979290008545,"z":-20.185293197631837},"rotation":{"x":0.07294535636901856,"y":-0.7043775320053101,"z":0.07316447049379349,"w":0.7022671699523926},"size":10.0,"orthographic":true}