{"cameraMode":{"drawMode":0,"name":"Shaded","section":"Shading Mode"},"sceneLighting":true,"audioPlay":false,"sceneViewState":{"showFog":true,"showMaterialUpdate":false,"showSkybox":true,"showFlares":true,"showImageEffects":true,"showParticleSystems":true},"in2DMode":false,"pivot":{"x":-12.030792236328125,"y":17.70073699951172,"z":10.793514251708985},"rotation":{"x":-0.1601090133190155,"y":0.7980244159698486,"z":-0.24189093708992005,"w":-0.5282166004180908},"size":86.47215270996094,"orthographic":false}