{"cameraMode":{"drawMode":0,"name":"Shaded","section":"Shading Mode"},"sceneLighting":true,"audioPlay":false,"sceneViewState":{"showFog":true,"showMaterialUpdate":false,"showSkybox":true,"showFlares":true,"showImageEffects":true,"showParticleSystems":true},"in2DMode":false,"pivot":{"x":-18.086679458618165,"y":-4.554592132568359,"z":1.657381296157837},"rotation":{"x":-0.02247082069516182,"y":0.9650558233261108,"z":-0.24570970237255097,"w":-0.08825703710317612},"size":9.496283531188965,"orthographic":false}