{"cameraMode":{"drawMode":0,"name":"Shaded","section":"Shading Mode"},"sceneLighting":true,"audioPlay":false,"sceneViewState":{"showFog":true,"showMaterialUpdate":false,"showSkybox":true,"showFlares":true,"showImageEffects":true,"showParticleSystems":true},"in2DMode":false,"pivot":{"x":-6.135969161987305,"y":0.8060277700424194,"z":-27.145763397216798},"rotation":{"x":-0.05763529986143112,"y":0.8821187615394592,"z":-0.11201636493206024,"w":-0.45387133955955508},"size":6.9239325523376469,"orthographic":false}