{"cameraMode":{"drawMode":0,"name":"Shaded","section":"Shading Mode"},"sceneLighting":true,"audioPlay":false,"sceneViewState":{"showFog":true,"showMaterialUpdate":false,"showSkybox":true,"showFlares":true,"showImageEffects":true,"showParticleSystems":true},"in2DMode":false,"pivot":{"x":-48.05020523071289,"y":-18.893009185791017,"z":2.355245590209961},"rotation":{"x":-0.15919050574302674,"y":0.6748589873313904,"z":-0.1525491625070572,"w":-0.7042396664619446},"size":57.72353744506836,"orthographic":false}