{"cameraMode":{"drawMode":0,"name":"Shaded","section":"Shading Mode"},"sceneLighting":true,"audioPlay":false,"sceneViewState":{"showFog":false,"showMaterialUpdate":false,"showSkybox":false,"showFlares":false,"showImageEffects":false,"showParticleSystems":false},"in2DMode":false,"pivot":{"x":-32.19966125488281,"y":1.5252482891082764,"z":-13.779450416564942},"rotation":{"x":0.1182413101196289,"y":0.7603083252906799,"z":-0.1444963961839676,"w":0.6221615076065064},"size":9.091747283935547,"orthographic":false}