{"cameraMode":{"drawMode":0,"name":"Shaded","section":"Shading Mode"},"sceneLighting":true,"audioPlay":false,"sceneViewState":{"showFog":false,"showMaterialUpdate":false,"showSkybox":true,"showFlares":false,"showImageEffects":false,"showParticleSystems":false},"in2DMode":false,"pivot":{"x":459.30047607421877,"y":54.31503677368164,"z":532.8325805664063},"rotation":{"x":0.09861526638269425,"y":0.26941797137260439,"z":-0.027768293395638467,"w":0.9575586318969727},"size":103.38436126708985,"orthographic":false}