{"cameraMode":{"drawMode":0,"name":"Shaded","section":"Shading Mode"},"sceneLighting":false,"audioPlay":false,"sceneViewState":{"showFog":false,"showMaterialUpdate":false,"showSkybox":false,"showFlares":false,"showImageEffects":false,"showParticleSystems":false},"in2DMode":false,"pivot":{"x":-0.03469991683959961,"y":0.3764437735080719,"z":6.114609241485596},"rotation":{"x":0.18225990235805512,"y":0.01621835120022297,"z":-0.003007099498063326,"w":0.9831138849258423},"size":0.8214438557624817,"orthographic":false}