{"cameraMode":{"drawMode":0,"name":"Shaded","section":"Shading Mode"},"sceneLighting":false,"audioPlay":false,"sceneViewState":{"showFog":false,"showMaterialUpdate":false,"showSkybox":false,"showFlares":false,"showImageEffects":false,"showParticleSystems":false},"in2DMode":false,"pivot":{"x":-62.89472961425781,"y":-12.907858848571778,"z":56.783111572265628},"rotation":{"x":0.11159241944551468,"y":0.035767070949077609,"z":-0.004019365180283785,"w":0.9931038022041321},"size":31.90350341796875,"orthographic":false}