{"cameraMode":{"drawMode":0,"name":"Shaded","section":"Shading Mode"},"sceneLighting":true,"audioPlay":false,"sceneViewState":{"showFog":true,"showMaterialUpdate":false,"showSkybox":true,"showFlares":true,"showImageEffects":true,"showParticleSystems":true},"in2DMode":false,"pivot":{"x":-9.1123046875,"y":3.616943359375,"z":-21.308837890625},"rotation":{"x":-0.0537736676633358,"y":0.6974477171897888,"z":-0.05262424051761627,"w":-0.7126790285110474},"size":8.762019157409668,"orthographic":true}