{"cameraMode":{"drawMode":0,"name":"Shaded","section":"Shading Mode"},"sceneLighting":true,"audioPlay":false,"sceneViewState":{"showFog":true,"showMaterialUpdate":false,"showSkybox":true,"showFlares":true,"showImageEffects":true,"showParticleSystems":true},"in2DMode":false,"pivot":{"x":-9.977848052978516,"y":-3.1471328735351564,"z":4.649003982543945},"rotation":{"x":-0.15322978794574738,"y":0.7168708443641663,"z":-0.16657306253910066,"w":-0.6594470143318176},"size":29.115135192871095,"orthographic":false}