{"cameraMode":{"drawMode":0,"name":"Shaded","section":"Shading Mode"},"sceneLighting":true,"audioPlay":false,"sceneViewState":{"showFog":true,"showMaterialUpdate":false,"showSkybox":true,"showFlares":true,"showImageEffects":true,"showParticleSystems":true},"in2DMode":false,"pivot":{"x":-37.34859848022461,"y":16.817941665649415,"z":-74.58612060546875},"rotation":{"x":-0.1307177096605301,"y":0.8234622478485107,"z":-0.2109747678041458,"w":-0.5102084875106812},"size":53.12937545776367,"orthographic":false}