{"cameraMode":{"drawMode":0,"name":"Shaded","section":"Shading Mode"},"sceneLighting":true,"audioPlay":false,"sceneViewState":{"showFog":true,"showMaterialUpdate":false,"showSkybox":true,"showFlares":true,"showImageEffects":true,"showParticleSystems":true},"in2DMode":false,"pivot":{"x":321.9897155761719,"y":50.076663970947269,"z":388.0950622558594},"rotation":{"x":0.08852607756853104,"y":-0.06122414395213127,"z":0.005449166987091303,"w":0.9941825270652771},"size":27.97801399230957,"orthographic":false}