{"cameraMode":{"drawMode":0,"name":"Shaded","section":"Shading Mode"},"sceneLighting":true,"audioPlay":false,"sceneViewState":{"showFog":true,"showMaterialUpdate":false,"showSkybox":true,"showFlares":true,"showImageEffects":true,"showParticleSystems":true,"showVisualEffectGraphs":true,"m_FxEnabled":false},"in2DMode":false,"pivot":{"x":743.2669067382813,"y":112.43841552734375,"z":307.646728515625},"rotation":{"x":0.0038767168298363687,"y":0.5076892375946045,"z":-0.0022849056404083969,"w":0.8615418672561646},"size":137.00906372070313,"orthographic":true}